{"cameraMode":{"drawMode":0,"name":"Shaded","section":"Shading Mode"},"sceneLighting":false,"audioPlay":false,"sceneViewState":{"m_AlwaysRefresh":false,"showFog":true,"showSkybox":false,"showFlares":true,"showImageEffects":true,"showParticleSystems":true,"showVisualEffectGraphs":true,"m_FxEnabled":true},"in2DMode":false,"pivot":{"x":1.1920928955078126e-7,"y":1.1000001430511475,"z":-2.384185791015625e-7},"rotation":{"x":0.021418452262878419,"y":0.4021686315536499,"z":-0.009416106157004834,"w":0.9152795076370239},"size":2.564025402069092,"orthographic":true}